﻿<?xml version="1.0" encoding="utf-8" ?>
<c2eventsheet>
    <!--All the 'name' attributes are ignored by Construct 2 - they are there for readability only.-->
    <name>initial</name>
    <events>
        <event-block sid="874484667967465">
            <conditions>
                <condition id="0" name="On any touch start" sid="858017233025058" type="Touch" />
            </conditions>
            <actions>
                <action id="-16" name="Wait" sid="979862815323600" type="System">
                    <param id="0" name="Seconds">1</param>
                </action>
                <action id="-25" name="Go to layout (by name)" sid="910481836151008" type="System">
                    <param id="0" name="Layout">&quot;Type&quot;&amp;choose(1,2,3)</param>
                </action>
            </actions>
        </event-block>
    </events>
</c2eventsheet>
