﻿<?xml version="1.0" encoding="utf-8" ?>
<c2eventsheet>
    <!--All the 'name' attributes are ignored by Construct 2 - they are there for readability only.-->
    <name>splashScreen</name>
    <events>
        <event-block sid="596090076315564">
            <conditions>
                <condition id="-2" name="On start of layout" sid="424555762401618" type="System" />
            </conditions>
            <actions>
                <action id="-16" name="Wait" sid="688277961979359" type="System">
                    <param id="0" name="Seconds">1.5</param>
                </action>
                <action id="-2" name="Go to layout" sid="767687637147689" type="System">
                    <param id="0" name="Layout">initial</param>
                </action>
            </actions>
        </event-block>
    </events>
</c2eventsheet>
