﻿<?xml version="1.0" encoding="utf-8" ?>
<c2eventsheet>
    <!--All the 'name' attributes are ignored by Construct 2 - they are there for readability only.-->
    <name>Type2</name>
    <events>
        <include>engine</include>
        <event-block sid="571879596896206">
            <conditions>
                <condition id="-2" name="On start of layout" sid="590321834037150" type="System" />
            </conditions>
            <actions>
                <action id="0" name="Call function" sid="363555187138061" type="Function">
                    <param id="0" name="Name">&quot;ChangeAnimationObject&quot;</param>
                    <param id="1" name="Parameter {n}">TYPE2</param>
                </action>
            </actions>
        </event-block>
    </events>
</c2eventsheet>
