﻿<?xml version="1.0" encoding="utf-8" ?>
<c2eventsheet>
    <!--All the 'name' attributes are ignored by Construct 2 - they are there for readability only.-->
    <name>Type3</name>
    <events>
        <include>engine</include>
        <event-block sid="241059148167650">
            <conditions>
                <condition id="-2" name="On start of layout" sid="623165352545611" type="System" />
            </conditions>
            <actions>
                <action id="0" name="Call function" sid="952542367048646" type="Function">
                    <param id="0" name="Name">&quot;ChangeAnimationObject&quot;</param>
                    <param id="1" name="Parameter {n}">TYPE3</param>
                </action>
            </actions>
        </event-block>
    </events>
</c2eventsheet>
